source,scraped_at,url,sku,title,brand,description,variety,barcode,price,currency,original_price,savings_amount,discount_pct,price_source,cup_price,cup_measure,cup_string,package_size,unit,is_on_special,is_half_price,is_sponsored,ad_status,offer_id,is_available,is_in_stock,is_purchasable,supply_limit,department,category,subcategory,health_star_rating,dietary_claims,allergy_statement,ingredients,storage_instructions,image_url,store_id,data_source,page,position
www.woolworths.com.au,2026-10-08T11:09:42.544565+00:00,https://www.woolworths.com.au/shop/productdetails/6041394/bfree-large-coconut-macaroons,6041394,Bfree Large Coconut Macaroons 6 pack,Bfree,Bfree Large Coconut Macaroons 6 pack,,5391521697615,2.5,AUD,4.0,1.5,37.5,api+dom,0.42,1EA,$0.42 / 1EA,6 pack,Each,True,False,True,Promoted,25556672,True,True,True,9,PROPRIETARY BAKERY,PROPRIETARY BAKERY,RESALE CAKE,,"Gluten Free,Low Salt,Vegetarian","Fish Free,Gluten Free,Wheat Free","Coconut (32%), Sugar, Glucose Syrup (From Corn), Egg White, Potato Starch, Dextrose, Rice Flour.",Store in a cool dry place away from direct sunlight. Frozen from fresh and thawed for your convenience.,https://cdn1.woolworths.media/content/wowproductimages/large/6041394.jpg,1101,api-category,1,1
www.woolworths.com.au,2026-10-08T11:09:42.544684+00:00,https://www.woolworths.com.au/shop/productdetails/634918/woolworths-white-wrap,634918,Woolworths White Wrap 8 pack,Woolworths,Woolworths White Wrap 8 pack,,9300633681067,2.2,AUD,,,,api+dom,0.61,100G,$0.61 / 100G,8 pack,Each,False,False,False,,,True,True,True,36,PROPRIETARY BAKERY,PROPRIETARY BAKERY,RESALE INTERNATIONAL BREAD,3.5,"Low Sugar,Source of Fibre","Dairy Free,Egg Free,Fish Free,Lactose Free,No Artificial Colours or Flavours","Wheat Flour (56%) (Wheat Flour, Vitamins (Folic Acid, Thiamine)), Water, Vegetable Fat (Palm Oil, Antioxidant (Vitamin E)), Wheat Fibre, Wheat Gluten, Sugar, Iodised Salt, Vegetable Gum (Guar Gum), Mineral Salt (Sodium Carbonate), Emulsifier (471), Acidity Regulator (Fumaric Acid), Preservatives (Calcium Propionate, Sorbic Acid), Antioxidant (Ascorbic Acid).","Once opened, empty contents into an airtight container, refrigerate at 1-5 C and use within 3 days.",https://cdn1.woolworths.media/content/wowproductimages/large/634918.jpg,1101,api-category,1,2
www.woolworths.com.au,2026-10-08T11:09:42.544761+00:00,https://www.woolworths.com.au/shop/productdetails/277728/woolworths-white-sandwich-bread-loaf,277728,Woolworths White Sandwich Bread Loaf 650g,Woolworths,Woolworths White Sandwich Bread Loaf 650g,Loaf,9339687336265,2.5,AUD,,,,api+dom,0.38,100G,$0.38 / 100G,650g,Each,False,False,False,,,True,True,True,36,PROPRIETARY BAKERY,PROPRIETARY BAKERY,RESALE BREAD,3.5,"Low Fat,Low Sugar,Source of Fibre,Vegetarian","Dairy Free,Egg Free,Fish Free,Lactose Free","Wheat Flour, Water, Yeast, Vinegar, Iodised Salt, Fermented Wheat Flour, Canola Oil, Soy Flour, Emul sifiers (481, 472e), Vitamins (Thiamin, Folic Acid ), Processing Aid (Wheat)",,https://cdn1.woolworths.media/content/wowproductimages/large/277728.jpg,1101,api-category,1,3
www.woolworths.com.au,2026-10-08T11:09:42.544865+00:00,https://www.woolworths.com.au/shop/productdetails/713816/tip-top-the-one-white-sandwich-slice-bread-loaf-bakery,713816,Tip Top The One White Sandwich Slice Bread Loaf Bakery 700g,Tip Top,Tip Top The One White Sandwich Slice... 700g,Slice Bread Loaf Bakery,9339423004809,4.6,AUD,,,,api+dom,0.66,100G,$0.66 / 100G,700g,Each,False,False,False,,,True,True,True,36,PROPRIETARY BAKERY,PROPRIETARY BAKERY,RESALE BREAD,4.5,"High Fibre,Low Fat,Low Sugar,Source of Fibre,Source of Protein","Dairy Free,Egg Free,Fish Free,Lactose Free,No Artificial Colours or Flavours,No Artificial Preservatives","Wheat Flour, Water, Wheat Fibre, Modified Tapioca Starch (1412), Baker's Yeast, Vinegar, Wheat Gluten, Iodised Salt, Canola Oil, Soy Flour, Vegetable Gum (412), Vegetable Emulsifiers (481, 472e), Minerals (Iron, Zinc), Vitamins (Niacin, Vitamin B6, Vitamin E, Thiamin, Folic Acid), Processing Aid (Wheat).","Store in a cool, dry place away from direct sunlight. Enjoy this loaf fresh, or freeze and store it for up to 4 months at or below -15C. On thawing, best consumed immediately.",https://cdn1.woolworths.media/content/wowproductimages/large/713816.jpg,1101,api-category,1,4
www.woolworths.com.au,2026-10-08T11:09:42.544960+00:00,https://www.woolworths.com.au/shop/productdetails/263669/wonder-white-bread-vitamins-minerals-sandwich,263669,Wonder White Bread Vitamins & Minerals Sandwich 700g,Wonder,Wonder White Bread Vitamins & Minerals Sandwich 700g,Minerals Sandwich,9310023138705,4.6,AUD,,,,api+dom,0.66,100G,$0.66 / 100G,700g,Each,False,False,False,,,True,True,True,36,PROPRIETARY BAKERY,PROPRIETARY BAKERY,RESALE BREAD,4.5,"High Fibre,Low Fat,Low Sugar,Source of Fibre,Source of Protein,Vegetarian","Dairy Free,Egg Free,Fish Free,Lactose Free,No Artificial Colours or Flavours,No Artificial Preservatives","Wheat Flour, Water, Wheat Fibre, Yeast, Modified Tapioca Starch (1413), Wheat Gluten, Canola Oil, Vinegar, Iodised Salt, Soy Flour, Cultured Wheat Flour, Vegetable Emulsifiers (471, 472e, 481), Vitamins (Vitamin E, Thiamin, Niacin, Vitamin B6, Folic Acid), Minerals (Iron, Zinc), Processing Aids (Wheat)","Store in a cool dry place, out of direct sunlight.",https://cdn1.woolworths.media/content/wowproductimages/large/263669.jpg,1101,api-category,1,5
www.woolworths.com.au,2026-10-08T11:09:42.545043+00:00,https://www.woolworths.com.au/shop/productdetails/49622/golden-crumpets-round,49622,Golden Crumpets Round 6 pack,Golden,Golden Crumpets Round 6 pack,Round,9310043003014,2.4,AUD,4.8,2.4,50.0,api+dom,0.4,1EA,$0.40 / 1EA,6 pack,Each,True,True,False,,25467401,True,True,True,36,PROPRIETARY BAKERY,PROPRIETARY BAKERY,RESALE BAKERY SNACKS,3.0,"Halal,Low Fat,Low Sugar,Vegan,Vegetarian","Egg Free,Fish Free,Soy Free","Wheat Flour, Water, Raising Agents (450, 500), Iodised Salt, Preservatives (282, 234), Dextrose, Vitamins (Thiamin, Folic Acid).","KEEP REFRIGERATED AT HOME. Recommended frozen shelf life, 2 months. On thawing consume immediately, do not refreeze.",https://cdn1.woolworths.media/content/wowproductimages/large/049622.jpg,1101,api-category,1,6
www.woolworths.com.au,2026-10-08T11:09:42.545125+00:00,https://www.woolworths.com.au/shop/productdetails/581176/woolworths-wholemeal-soft-sandwich-bread,581176,Woolworths Wholemeal Soft Sandwich Bread 650g,Woolworths,Woolworths Wholemeal Soft Sandwich Bread 650g,Sandwich Bread,9300633636876,2.8,AUD,,,,api+dom,0.43,100G,$0.43 / 100G,650g,Each,False,False,False,,,True,True,True,36,PROPRIETARY BAKERY,PROPRIETARY BAKERY,RESALE BREAD,4.0,"Low Saturated Fat,Low Sugar,Source of Fibre,Source of Protein,Wholegrain","Dairy Free,Egg Free,Fish Free,Lactose Free,No Artificial Colours or Flavours,No Artificial Preservatives","Wholemeal Wheat Flour (45%), Water, Wheat Flour, Wheat Gluten, Yeast, Vinegar, Iodised Salt, Canola Oil, Fermented Wheat Flour, Soy Flour, Emulsifiers (481, 472e), Vitamins (Thaimin, Folic Acid), Processing Aid (Wheat).","Store in a cool, dry place, away from light.",https://cdn1.woolworths.media/content/wowproductimages/large/581176.jpg,1101,api-category,1,7
www.woolworths.com.au,2026-10-08T11:09:42.545230+00:00,https://www.woolworths.com.au/shop/productdetails/46795/tip-top-english-muffins-original-bakery,46795,Tip Top English Muffins Original Bakery 6 pack,Tip Top,Tip Top English Muffins Original Bakery 6 pack,Bakery,9339423003253,3.2,AUD,6.4,3.2,50.0,api+dom,0.53,1EA,$0.53 / 1EA,6 pack,Each,True,True,False,,24459441,True,True,True,36,PROPRIETARY BAKERY,PROPRIETARY BAKERY,RESALE BAKERY SNACKS,4.0,"Halal,Low Fat,Low Saturated Fat,Low Sugar,Source of Fibre","Dairy Free,Egg Free,Fish Free,Lactose Free,No Artificial Colours or Flavours","Wheat Flour, Water, Baker's Yeast, Maize Polenta, Wheat Gluten, Vinegar, Canola Oil, Iodised Salt, Oat Fibre, Soy Flour, Acidity Regulators (341, 263, 262), Emulsifiers (481, 472e, 471), Preservatives (202, 200), Sugar, Vitamins (Thiamin, Folate).","Store in a cool, dry place away from direct sunlight. Enjoy this product fresh, or freeze and store it for up to 4 months at or below –15°C. On thawing, best consumed immediately.",https://cdn1.woolworths.media/content/wowproductimages/large/046795.jpg,1101,api-category,1,8
www.woolworths.com.au,2026-10-08T11:09:42.545303+00:00,https://www.woolworths.com.au/shop/productdetails/33878/woolworths-soft-hamburger-rolls-soft-hamburger,33878,Woolworths Soft Hamburger Rolls 6 pack,Woolworths,Woolworths Soft Hamburger Rolls Soft... 6 pack,Soft Hamburger,0280080000002,3.0,AUD,,,,api+dom,0.5,1EA,$0.50 / 1EA,6 pack,Each,False,False,False,,,True,True,True,36,BAKEHOUSE,INSTORE BAKERY,ISB BREAD ROLL,3.5,"Low Fat,Low Saturated Fat,Low Sugar,Source of Protein,Vegan,Vegetarian","Fish Free,No Artificial Colours or Flavours","Wheat Flour (Wheat Flour, Vitamins (Thiamin, Folic Acid)), Water, Yeast, Vegetable Oil, Iodised Salt, Yellow Pea Flour, Wheat Gluten, Fermented Wheat Flour, Processing Aid (Wheat).",,https://cdn1.woolworths.media/content/wowproductimages/large/033878.jpg,1101,api-category,1,9
www.woolworths.com.au,2026-10-08T11:09:42.545382+00:00,https://www.woolworths.com.au/shop/productdetails/6037735/woolworths-stonebaked-turkish-rolls,6037735,Woolworths Stonebaked Turkish Rolls 4 pack,Woolworths,Woolworths Stonebaked Turkish Rolls 4 pack,,9339687430635,2.6,AUD,,,,api+dom,0.65,100G,$0.65 / 100G,4 pack,Each,False,False,False,,,True,True,True,36,PROPRIETARY BAKERY,PROPRIETARY BAKERY,RESALE INTERNATIONAL BREAD,4.0,"Low Sugar,Source of Fibre,Source of Protein,Vegan,Vegetarian","Egg Free,Fish Free,No Artificial Colours or Flavours","Wheat Flour, Water, Sesame Seeds, Yeast, Vinegar, Iodised Salt, Canola Oil, Wheat Gluten, Nigella Seed, Preservative (Potassium Sorbate), Vitamins (Folic Acid, Thiamin), Processing Aids (Wheat).","Store in a cool, dry place, away from light.;This product has been frozen from fresh and thawed for your convenience.",https://cdn1.woolworths.media/content/wowproductimages/large/6037735.jpg,1101,api-category,1,10
www.woolworths.com.au,2026-10-08T11:09:42.545455+00:00,https://www.woolworths.com.au/shop/productdetails/233160/woolworths-soft-white-loaf-white-extra-soft-loaf,233160,Woolworths Soft White Loaf 800g,Woolworths,Woolworths Soft White Loaf White Extra Soft... 800g,White Extra Soft Loaf,0280181000000,3.6,AUD,,,,api+dom,0.45,100G,$0.45 / 100G,800g,Each,False,False,False,,,True,True,True,36,BAKEHOUSE,INSTORE BAKERY,ISB TINNED LOAF,3.5,"Low Fat,Low Saturated Fat,Low Sugar,Source of Protein,Vegan,Vegetarian","Fish Free,No Artificial Colours or Flavours","Wheat Flour (Wheat Flour, Vitamins (Thiamin, Folate)), Water, Yeast, Vegetable Oil, Iodised Salt, Yellow Pea Flour, Wheat Gluten, Fermented Wheat Flour, Processing Aid (Wheat, Soy).",,https://cdn1.woolworths.media/content/wowproductimages/large/233160.jpg,1101,api-category,1,11
www.woolworths.com.au,2026-10-08T11:09:42.545750+00:00,https://www.woolworths.com.au/shop/productdetails/55656/woolworths-soft-white-loaf-white-extra-soft-loaf,55656,Woolworths Soft White Loaf 680g,Woolworths,Woolworths Soft White Loaf White Extra Soft... 680g,White Extra Soft Loaf,0283273000001,3.0,AUD,3.3,0.3,9.09,api+dom,0.44,100G,$0.44 / 100G,680g,Each,True,False,False,,24375660,True,True,True,36,BAKEHOUSE,INSTORE BAKERY,ISB TINNED LOAF,3.5,"Low Fat,Low Saturated Fat,Low Sugar,Source of Protein,Vegan,Vegetarian","Fish Free,No Artificial Colours or Flavours","Wheat Flour (Wheat Flour, Vitamins (Thiamin, Folate)), Water, Yeast, Vegetable Oil, Iodised Salt, Yellow Pea Flour, Wheat Gluten, Fermented Wheat Flour, Processing Aid (Wheat, Soy).",,https://cdn1.woolworths.media/content/wowproductimages/large/055656.jpg,1101,api-category,1,15
